<?xml version="1.0" encoding="UTF-8" ?>
<XMLDB PATH="question/type/kekule_chem_base/db" VERSION="20170831" COMMENT="XMLDB file for Moodle question/type/kekule_chem"
    xmlns:xsi="http://www.w3.org/2001/XMLSchema-instance"
    xsi:noNamespaceSchemaLocation="../../../../lib/xmldb/xmldb.xsd"
>
  <TABLES>
    <TABLE NAME="qtype_kekulechem_options" COMMENT="Defines the question-type specific options for Kekule Chem questions">
      <FIELDS>
        <FIELD NAME="id" TYPE="int" LENGTH="10" NOTNULL="true" SEQUENCE="true"/>
        <FIELD NAME="questionid" TYPE="int" LENGTH="10" NOTNULL="true" DEFAULT="0" SEQUENCE="false" COMMENT="Foreign key link to question.id."/>
        <FIELD NAME="manualgraded" TYPE="int" LENGTH="2" NOTNULL="true" DEFAULT="0" SEQUENCE="false" COMMENT="Whether answers graded manually."/>
        <FIELD NAME="defcomparemethod" TYPE="int" LENGTH="4" NOTNULL="true" DEFAULT="0" SEQUENCE="false" COMMENT="Default method to compare molecules"/>
        <FIELD NAME="inputtype" TYPE="int" LENGTH="4" NOTNULL="true" DEFAULT="0" SEQUENCE="false" COMMENT="Restrict input one molecule or a chem document"/>
        <FIELD NAME="defcomparelevel" TYPE="int" LENGTH="4" NOTNULL="false" SEQUENCE="false"/>
      </FIELDS>
      <KEYS>
        <KEY NAME="primary" TYPE="primary" FIELDS="id"/>
        <KEY NAME="questionid" TYPE="foreign-unique" FIELDS="questionid" REFTABLE="question" REFFIELDS="id"/>
      </KEYS>
    </TABLE>
    <TABLE NAME="qtype_kekulechem_ans_ops" COMMENT="Options for Kekule Chem question answers">
      <FIELDS>
        <FIELD NAME="id" TYPE="int" LENGTH="10" NOTNULL="true" SEQUENCE="true"/>
        <FIELD NAME="answerid" TYPE="int" LENGTH="10" NOTNULL="true" DEFAULT="0" SEQUENCE="false" COMMENT="Foreign key references answer.id."/>
        <FIELD NAME="blankindex" TYPE="int" LENGTH="10" NOTNULL="false" SEQUENCE="false" COMMENT="Index of blank in question body."/>
        <FIELD NAME="smiles" TYPE="text" NOTNULL="false" SEQUENCE="false" COMMENT="SMILES value of answer molecule."/>
        <FIELD NAME="moldata" TYPE="text" NOTNULL="false" SEQUENCE="false" COMMENT="Raw molecule data of answer molecule."/>
        <FIELD NAME="comparelevel" TYPE="int" LENGTH="4" NOTNULL="false" SEQUENCE="false"/>
        <FIELD NAME="comparemethod" TYPE="int" LENGTH="4" NOTNULL="true" DEFAULT="0" SEQUENCE="false" COMMENT="Method to compare molecules, override value of question"/>
        <FIELD NAME="compareoptions" TYPE="text" NOTNULL="false" SEQUENCE="false"/>
      </FIELDS>
      <KEYS>
        <KEY NAME="primary" TYPE="primary" FIELDS="id"/>
        <KEY NAME="answerid" TYPE="foreign-unique" FIELDS="answerid" REFTABLE="question_answers" REFFIELDS="id"/>
      </KEYS>
    </TABLE>
  </TABLES>
</XMLDB>