<?xml version="1.0" encoding="UTF-8" ?>
<XMLDB PATH="question/type/kekule_chem/db" VERSION="2016090100" COMMENT="XMLDB file for Moodle question/type/kekule_chem"
    xmlns:xsi="http://www.w3.org/2001/XMLSchema-instance"
    xsi:noNamespaceSchemaLocation="../../../../lib/xmldb/xmldb.xsd"
>
  <TABLES>
    <TABLE NAME="qtype_kekule_manswer_ops" COMMENT="Defines the question-type specific options for Kekule Chem questions">
      <FIELDS>
        <FIELD NAME="id" TYPE="int" LENGTH="10" NOTNULL="true" SEQUENCE="true"/>
        <FIELD NAME="questionid" TYPE="int" LENGTH="10" NOTNULL="true" DEFAULT="0" SEQUENCE="false" COMMENT="Foreign key link to question.id."/>
        <FIELD NAME="manualgraded" TYPE="int" LENGTH="2" NOTNULL="true" DEFAULT="0" SEQUENCE="false" COMMENT="Whether answers graded manually."/>
        <!--
        <FIELD NAME="inputtype" TYPE="int" LENGTH="4" NOTNULL="true" DEFAULT="0" SEQUENCE="false" COMMENT="hack"/>
        -->
      </FIELDS>
      <KEYS>
        <KEY NAME="primary" TYPE="primary" FIELDS="id"/>
        <KEY NAME="questionid" TYPE="foreign-unique" FIELDS="questionid" REFTABLE="question" REFFIELDS="id"/>
      </KEYS>
    </TABLE>
    <TABLE NAME="qtype_kekule_manswer_ans_ops" COMMENT="Options for Kekule Multianswer question answers">
      <FIELDS>
        <FIELD NAME="id" TYPE="int" LENGTH="10" NOTNULL="true" SEQUENCE="true"/>
        <FIELD NAME="answerid" TYPE="int" LENGTH="10" NOTNULL="true" DEFAULT="0" SEQUENCE="false" COMMENT="Foreign key references answer.id."/>
        <FIELD NAME="blankindex" TYPE="int" LENGTH="10" NOTNULL="false" SEQUENCE="false" COMMENT="Index of blank in question body."/>
      </FIELDS>
      <KEYS>
        <KEY NAME="primary" TYPE="primary" FIELDS="id"/>
        <KEY NAME="answerid" TYPE="foreign-unique" FIELDS="answerid" REFTABLE="question_answers" REFFIELDS="id"/>
      </KEYS>
    </TABLE>
  </TABLES>
</XMLDB>
