{
  "name": "ChromeMol",
  "version": "0.5",
  "manifest_version": 2,
  "description": "An addon based on Kekule.js, enables user to open/edit molecule and insert it to HTML pages, especially web editors.",
  "icons":
  {
	//"16": "icon16.png",
	"48": "./data/icons/addonLogo.png"
	//"128": "icon128.png"
  },
  "browser_action": {
	  "default_icon": "./data/icons/insertChemObj32.png",
	  "default_popup": "./data/components/chemObjImport.html"
  },
  "permissions": [
	  //"http://api.flickr.com/"
  ],
  "content_security_policy": "script-src 'self' 'unsafe-eval'; object-src 'self'",
  "background": {
	  //"scripts": ["js/background.js"]
  }

  //"content_scripts": [
	//  {
	//	  "matches": ["*://*/*"]
		  //"css": ["mystyles.css"],
		  //"js": ["js/inject.js"]
	//  }
  //]

}