<?xml version="1.0" encoding="UTF-8" ?>
<XMLDB PATH="question/type/kekule_chem_base/db" VERSION="2016082700" COMMENT="XMLDB file for Moodle question/type/kekule_chem"
    xmlns:xsi="http://www.w3.org/2001/XMLSchema-instance"
    xsi:noNamespaceSchemaLocation="../../../../lib/xmldb/xmldb.xsd"
>
  <TABLES>
    <TABLE NAME="qtype_kekule_molname_ops" COMMENT="Defines the question-type specific options for Kekule Molecule Naming questions">
      <FIELDS>
        <FIELD NAME="id" TYPE="int" LENGTH="10" NOTNULL="true" SEQUENCE="true"/>
        <FIELD NAME="questionid" TYPE="int" LENGTH="10" NOTNULL="true" DEFAULT="0" SEQUENCE="false" COMMENT="Foreign key link to question.id."/>
        <FIELD NAME="manualgraded" TYPE="int" LENGTH="2" NOTNULL="true" DEFAULT="0" SEQUENCE="false" COMMENT="Whether answers graded manually."/>
        <FIELD NAME="replaceunstandardchars" TYPE="int" LENGTH="2" NOTNULL="true" DEFAULT="0" SEQUENCE="false"/>
        <FIELD NAME="removespaces" TYPE="int" LENGTH="2" NOTNULL="true" DEFAULT="0" SEQUENCE="false"/>
        <FIELD NAME="ignorecase" TYPE="int" LENGTH="2" NOTNULL="true" DEFAULT="0" SEQUENCE="false" />
        <!--
        <FIELD NAME="defcomparemethod" TYPE="int" LENGTH="4" NOTNULL="true" DEFAULT="0" SEQUENCE="false" COMMENT="Default method to compare molecules"/>
        <FIELD NAME="inputtype" TYPE="int" LENGTH="4" NOTNULL="true" DEFAULT="0" SEQUENCE="false" COMMENT="Restrict input one molecule or a chem document"/>
        -->
      </FIELDS>
      <KEYS>
        <KEY NAME="primary" TYPE="primary" FIELDS="id"/>
        <KEY NAME="questionid" TYPE="foreign-unique" FIELDS="questionid" REFTABLE="question" REFFIELDS="id"/>
      </KEYS>
    </TABLE>
    <TABLE NAME="qtype_kekule_molname_ansops" COMMENT="Options for Kekule Molecule Naming question answers">
      <FIELDS>
        <FIELD NAME="id" TYPE="int" LENGTH="10" NOTNULL="true" SEQUENCE="true"/>
        <FIELD NAME="answerid" TYPE="int" LENGTH="10" NOTNULL="true" DEFAULT="0" SEQUENCE="false" COMMENT="Foreign key references answer.id."/>
        <FIELD NAME="blankindex" TYPE="int" LENGTH="10" NOTNULL="true" SEQUENCE="false" COMMENT="Index of blank in question body."/>
        <FIELD NAME="standardizedname" TYPE="text" NOTNULL="false" SEQUENCE="false" COMMENT="Standardized answer molecule name."/>
        <FIELD NAME="namingtree" TYPE="text" NOTNULL="false" SEQUENCE="false" COMMENT="The naming tree structure in JSON."/>
      </FIELDS>
      <KEYS>
        <KEY NAME="primary" TYPE="primary" FIELDS="id"/>
        <KEY NAME="answerid" TYPE="foreign-unique" FIELDS="answerid" REFTABLE="question_answers" REFFIELDS="id"/>
      </KEYS>
    </TABLE>
  </TABLES>
</XMLDB>
